FID,ogc_fid,wkb_geometry,name,description,timestamp,begin,end,altitudemode,tessellate,extrude,visibility,draworder,icon
da_carrilesBici.fid--7993a933_1662cf903bb_-1a10,21589,POINT (371689.0922999738 4066072.011898416),ARROYO DE LOS ÁNGELES," <div style='float: right; text-align: left'><img style='margin-right: 20px; padding-bottom: 30px' src='http://movilidad.malaga.eu/opencms/export/system/modules/eu.malaga.ayto.movilidad.trafico/resources/images/ico-carril.png'></div> <br/> <b>Kilómetros:</b>&nbsp; 0,893<br/> <b>Color en mapa:</b>&nbsp; <span style='background-color: #0000FF; width: 15px;'>&nbsp;&nbsp;&nbsp;&nbsp;&nbsp;&nbsp;&nbsp;&nbsp;&nbsp;</span><br> <b>Descripción:</b>&nbsp; Av. Arroyo de los Ángeles<br /> ",,,,,-1,-1,-1,0,
da_carrilesBici.fid--7993a933_1662cf903bb_-1a0f,21590,"LINESTRING (372427.58553272404 4065602.7677581613, 372263.39024521166 4065672.9055425795, 371969.04048046516 4065819.3390750736, 371682.4826059488 4066067.75243881)",ARROYO DE LOS ÁNGELES," <br/> <b>Kilómetros:</b> 0,893<br/> <b>Color en mapa:</b>&nbsp; <span style='background-color: #0000FF; width: 15px;'>&nbsp;&nbsp;&nbsp;&nbsp;&nbsp;&nbsp;&nbsp;&nbsp;&nbsp;</span><br> <b>Descripción:</b> Av. Arroyo de los Ángeles ",,,,,-1,-1,-1,0,
da_carrilesBici.fid--7993a933_1662cf903bb_-1a0e,21591,POINT (372006.72263658914 4064158.77065764),DOCTOR ESCASSI - PLAZA DE LA SOLIDARIDAD," <div style='float: right; text-align: left'><img style='margin-right: 20px; padding-bottom: 30px' src='http://movilidad.malaga.eu/opencms/export/system/modules/eu.malaga.ayto.movilidad.trafico/resources/images/ico-carril.png'></div> <br/> <b>Kilómetros:</b>&nbsp; 1,941<br/> <b>Color en mapa:</b>&nbsp; <span style='background-color: #0000FF; width: 15px;'>&nbsp;&nbsp;&nbsp;&nbsp;&nbsp;&nbsp;&nbsp;&nbsp;&nbsp;</span><br> <b>Descripción:</b>&nbsp; Av. de las Américas - Ingeniero de la Torre Acosta - Doctor Escassi - Morales Villarubia<br /> ",,,,,-1,-1,-1,0,
da_carrilesBici.fid--7993a933_1662cf903bb_-1a0d,21592,"LINESTRING (371516.1732559438 4065461.0609928616, 371422.6138890377 4065000.85978058, 371448.7155153707 4064895.0525407144, 371640.94946949225 4064609.21062197, 371652.48786433286 4064544.679007026, 371560.8842337916 4064452.844598058, 371564.83368229365 4064418.386785924, 371586.0357446014 4064402.533763038, 371622.73739016487 4064407.5312135355, 371688.8073570739 4064345.510637205, 371686.01149775536 4064337.785155793, 371728.0555422265 4064341.5933302557, 371734.35739706195 4064344.8277548477, 371772.8454494743 4064349.7990781064, 371785.3327505347 4064348.502339045, 371830.9658421328 4064353.3668680317, 371833.31293446687 4064331.1391449748, 371864.65586350614 4064336.2179009835, 371895.8585749243 4064212.5820240295, 372006.72263658914 4064158.77065764)",DOCTOR ESCASSI - PLAZA DE LA SOLIDARIDAD," <br/> <b>Kilómetros:</b> 1,941<br/> <b>Color en mapa:</b>&nbsp; <span style='background-color: #0000FF; width: 15px;'>&nbsp;&nbsp;&nbsp;&nbsp;&nbsp;&nbsp;&nbsp;&nbsp;&nbsp;</span><br> <b>Descripción:</b> Av. de las Américas - Ingeniero de la Torre Acosta - Doctor Escassi - Morales Villarubia ",,,,,-1,-1,-1,0,
da_carrilesBici.fid--7993a933_1662cf903bb_-1a0c,21593,POINT (373451.0680986336 4064663.7288031303),BULEVAR LOUIS PASTEUR - AV. CERVANTES," <div style='float: right; text-align: left'><img style='margin-right: 20px; padding-bottom: 30px' src='http://movilidad.malaga.eu/opencms/export/system/modules/eu.malaga.ayto.movilidad.trafico/resources/images/ico-carril.png'></div> <br/> <b>Kilómetros:</b>&nbsp; 5,100<br/> <b>Color en mapa:</b>&nbsp; <span style='background-color: #0000FF; width: 15px;'>&nbsp;&nbsp;&nbsp;&nbsp;&nbsp;&nbsp;&nbsp;&nbsp;&nbsp;</span><br> <b>Descripción:</b>&nbsp; Av. Cervantes - Paseo del Parque - Alameda Principal - Av. de Andalucía - Av. del Obispo Ángel Herrera Oria - Cómpeta - Av. Jorge Luis Borges - Frank Capra - Boulevar Louis Pasteur<br /> ",,,,,-1,-1,-1,0,
da_carrilesBici.fid--7993a933_1662cf903bb_-1a0b,21594,"LINESTRING (368957.9475772917 4064585.5209961054, 369133.32161336974 4064603.9202008704, 369162.3025774074 4064571.2973413668, 369527.7618647544 4064635.6243698113, 369555.9388704385 4064667.374360671, 369621.3726003715 4064681.9120252985, 369610.91180699284 4064757.527036126, 369628.7569221968 4064756.1454647775, 369647.76556847926 4064772.500462292, 369874.20782283315 4064742.4222185533, 370060.68074632506 4064727.382240933, 370081.76115928544 4064762.5705636526, 370117.5019629411 4064763.1375740846, 370143.68879344704 4064722.7931111646, 370267.77964667743 4064717.581775329, 370576.3234447686 4064681.839256987, 370623.356124814 4064661.154518982, 371616.82974876056 4064549.6524658427, 371656.881467592 4064480.254583074, 371913.1416105245 4064471.9762704885, 372293.1157256491 4064433.0080975248, 372319.3309313576 4064453.6997849527, 372358.54568802356 4064447.566605177, 372512.8580473292 4064431.950646491, 372530.14145202585 4064452.7760351896, 372555.6950832854 4064429.093287112, 372716.4909114713 4064428.9191999985, 372769.6802253825 4064461.416885171, 373045.2515344324 4064550.5321545023, 373089.8742674658 4064547.6509548444, 373530.65549167956 4064694.252229527, 373530.1067523145 4064717.562359126)",BULEVAR LOUIS PASTEUR - AV. CERVANTES," <br/> <b>Kilómetros:</b> 5,100<br/> <b>Color en mapa:</b>&nbsp; <span style='background-color: #0000FF; width: 15px;'>&nbsp;&nbsp;&nbsp;&nbsp;&nbsp;&nbsp;&nbsp;&nbsp;&nbsp;</span><br> <b>Descripción:</b> Av. Cervantes - Paseo del Parque - Alameda Principal - Av. de Andalucía - Av. del Obispo Ángel Herrera Oria - Cómpeta - Av. Jorge Luis Borges - Frank Capra - Boulevar Louis Pasteur ",,,,,-1,-1,-1,0,
da_carrilesBici.fid--7993a933_1662cf903bb_-1a0a,21595,POINT (372736.938928079 4066202.179057369),ARMENGUAL DE LA MOTA - PLAZA JOHN F. KENNEDY," <div style='float: right; text-align: left'><img style='margin-right: 20px; padding-bottom: 30px' src='http://movilidad.malaga.eu/opencms/export/system/modules/eu.malaga.ayto.movilidad.trafico/resources/images/ico-carril.png'></div> <br/> <b>Kilómetros:</b>&nbsp; 4,111<br/> <b>Color en mapa:</b>&nbsp; <span style='background-color: #001AFF; width: 15px;'>&nbsp;&nbsp;&nbsp;&nbsp;&nbsp;&nbsp;&nbsp;&nbsp;&nbsp;</span><br> <b>Descripción:</b>&nbsp; Armengual de la Mota - Jaboneros - Don Juan de Austria - Mazarredo - Paseo Martíricos - Av. Luis Buñuel - Av. Jorge Silvela - Av. Santiago Ramón y Cajal - Av. Jacinto Benavente - Plaza de Jonh F. Kennedy<br /> ",,,,,-1,-1,-1,0,
da_carrilesBici.fid--7993a933_1662cf903bb_-1a09,21596,"LINESTRING (372889.65384031326 4068084.7824282255, 372900.8965642029 4068060.2033848083, 372909.51059769257 4068038.992335273, 372908.51886923134 4068032.3493074346, 372906.70037635794 4068030.1570903943, 372871.63561136293 4068014.034143957, 372988.03579206986 4067734.8964633867, 372984.318903974 4067665.0451215766, 372880.86450854264 4066893.172330098, 372841.3492327194 4066818.3052587714, 372791.2821188419 4066814.6114917467, 372764.9473339561 4066605.2837244687, 372770.9170152049 4066586.3312336705, 372739.32718651544 4066203.9799499908, 372609.0734564791 4066213.6866286616, 372537.21019659995 4065586.7083247458, 372564.5463008168 4065562.9988592453, 372561.338377189 4065527.5386004033, 372564.5463008168 4065562.9988592453, 372538.963146353 4065584.462949691, 372453.58192383614 4065609.037840645, 372442.6838940433 4065596.9944515545, 372431.95086423366 4065536.1250114427, 372432.8438759075 4065536.111693492, 372412.20333452534 4065290.082304535, 372393.712171976 4065068.4327390506, 372390.9492848585 4064943.0861459607, 372352.1459740063 4064557.515035778, 372373.38214679505 4064543.8827479123, 372378.4099136465 4064521.615241029)",ARMENGUAL DE LA MOTA - PLAZA JOHN F. KENNEDY," <br/> <b>Kilómetros:</b> 4,111<br/> <b>Color en mapa:</b>&nbsp; <span style='background-color: #001AFF; width: 15px;'>&nbsp;&nbsp;&nbsp;&nbsp;&nbsp;&nbsp;&nbsp;&nbsp;&nbsp;</span><br> <b>Descripción:</b> Armengual de la Mota - Jaboneros - Don Juan de Austria - Mazarredo - Paseo Martíricos - Av. Luis Buñuel - Av. Jorge Silvela - Av. Santiago Ramón y Cajal - Av. Jacinto Benavente - Plaza de Jonh F. Kennedy ",,,,,-1,-1,-1,0,
da_carrilesBici.fid--7993a933_1662cf903bb_-1a08,21597,POINT (371047.00736421294 4061176.068506698),Pº ANTONIO MACHADO - Pº MARÍTIMO ANTONIO BANDERAS," <div style='float: right; text-align: left'><img style='margin-right: 20px; padding-bottom: 30px' src='http://movilidad.malaga.eu/opencms/export/system/modules/eu.malaga.ayto.movilidad.trafico/resources/images/ico-carril.png'></div> <br/> <b>Kilómetros:</b>&nbsp; 3,874<br/> <b>Color en mapa:</b>&nbsp; <span style='background-color: #0000FF; width: 15px;'>&nbsp;&nbsp;&nbsp;&nbsp;&nbsp;&nbsp;&nbsp;&nbsp;&nbsp;</span><br> <b>Descripción:</b>&nbsp; Pacífico - Pº Antonio Machado - Pso. Marítimo Antonio Banderas<br /> ",,,,,-1,-1,-1,0,
da_carrilesBici.fid--7993a933_1662cf903bb_-1a07,21598,"LINESTRING (372445.8280714107 4063590.744548199, 371950.67057278723 4062860.2367575555, 371977.15414966556 4062838.7578162747, 371779.38837049645 4062579.8456933717, 371434.22194326774 4061966.959421783, 371047.0073642129 4061176.0685066986, 370836.00609786395 4060814.179904814, 370778.23586223763 4060776.214109986, 370603.84971040173 4060413.7784237918, 370606.7537927575 4060369.3494418864, 370591.3287709778 4060354.0475992705, 370548.3374389885 4060348.039235811, 370529.7571039305 4060360.52588117)",Pº ANTONIO MACHADO - Pº MARÍTIMO ANTONIO BANDERAS," <br/> <b>Kilómetros:</b> 3,874<br/> <b>Color en mapa:</b>&nbsp; <span style='background-color: #0000FF; width: 15px;'>&nbsp;&nbsp;&nbsp;&nbsp;&nbsp;&nbsp;&nbsp;&nbsp;&nbsp;</span><br> <b>Descripción:</b> Pacífico - Pº Antonio Machado - Pso. Marítimo Antonio Banderas ",,,,,-1,-1,-1,0,
da_carrilesBici.fid--7993a933_1662cf903bb_-1a06,21599,POINT (368953.43100143166 4064582.261233935),AV. DIEGO FERNÁNDEZ DE MENDOZA - AV. PINTOR MANUEL BARBADILLO," <div style='float: right; text-align: left'><img style='margin-right: 20px; padding-bottom: 30px' src='http://movilidad.malaga.eu/opencms/export/system/modules/eu.malaga.ayto.movilidad.trafico/resources/images/ico-carril.png'></div> <br/> <b>Kilómetros:</b>&nbsp; 1,775<br/> <b>Color en mapa:</b>&nbsp; <span style='background-color: #0000FF; width: 15px;'>&nbsp;&nbsp;&nbsp;&nbsp;&nbsp;&nbsp;&nbsp;&nbsp;&nbsp;</span><br> <b>Descripción:</b>&nbsp; Av. Diego Fdez. de Mendoza - Av. Pintor Manuel Barbadillo<br /> ",,,,,-1,-1,-1,0,
da_carrilesBici.fid--7993a933_1662cf903bb_-1a05,21600,"LINESTRING (368953.43100143166 4064582.261233935, 368873.0310055369 4064815.4088315936, 368882.67602850415 4064861.8661288554, 368844.71522947575 4064891.2987525812, 368679.5259308636 4065303.292403291, 368677.4769218945 4065344.3808147726, 368603.9881050088 4065503.0793138915, 368624.28214388544 4065544.934234438, 368596.1655975266 4065575.326618153, 368603.357446 4065752.7598993354, 368694.4627406234 4065868.9835279705, 368890.1457383707 4065990.262134767)",AV. DIEGO FERNÁNDEZ DE MENDOZA - AV. PINTOR MANUEL BARBADILLO," <br/> <b>Kilómetros:</b> 1,775<br/> <b>Color en mapa:</b>&nbsp; <span style='background-color: #0000FF; width: 15px;'>&nbsp;&nbsp;&nbsp;&nbsp;&nbsp;&nbsp;&nbsp;&nbsp;&nbsp;</span><br> <b>Descripción:</b> Av. Diego Fdez. de Mendoza - Av. Pintor Manuel Barbadillo ",,,,,-1,-1,-1,0,
da_carrilesBici.fid--7993a933_1662cf903bb_-1a04,21601,POINT (372381.3310647699 4064937.792441667),AV. CARLOS HAYA - MÁRMOLES," <div style='float: right; text-align: left'><img style='margin-right: 20px; padding-bottom: 30px' src='http://movilidad.malaga.eu/opencms/export/system/modules/eu.malaga.ayto.movilidad.trafico/resources/images/ico-carril.png'></div> <br/> <b>Kilómetros:</b>&nbsp; 2,908<br/> <b>Color en mapa:</b>&nbsp; <span style='background-color: #0000FF; width: 15px;'>&nbsp;&nbsp;&nbsp;&nbsp;&nbsp;&nbsp;&nbsp;&nbsp;&nbsp;</span><br> <b>Descripción:</b>&nbsp; Mármoles - Martínez Maldonado - Av. Carlos Haya<br /> ",,,,,-1,-1,-1,0,
da_carrilesBici.fid--7993a933_1662cf903bb_-1a03,21602,"LINESTRING (372381.04273310665 4064937.6857799385, 371448.3558419746 4064930.566153828, 371359.9911886264 4064935.2232340677, 371103.74477354955 4064943.518502058, 370645.33622021455 4065051.413999093, 370253.5978816451 4065137.240012016, 369594.0995828363 4065471.2830929807)",AV. CARLOS HAYA - MÁRMOLES," <br/> <b>Kilómetros:</b> 2,908<br/> <b>Color en mapa:</b>&nbsp; <span style='background-color: #0000FF; width: 15px;'>&nbsp;&nbsp;&nbsp;&nbsp;&nbsp;&nbsp;&nbsp;&nbsp;&nbsp;</span><br> <b>Descripción:</b> Mármoles - Martínez Maldonado - Av. Carlos Haya ",,,,,-1,-1,-1,0,
da_carrilesBici.fid--7993a933_1662cf903bb_-1a02,21603,POINT (368356.08297532867 4061060.0626427187),AZUCARERA - INTELHORCE," <div style='float: right; text-align: left'><img style='margin-right: 20px; padding-bottom: 30px' src='http://movilidad.malaga.eu/opencms/export/system/modules/eu.malaga.ayto.movilidad.trafico/resources/images/ico-carril.png'></div> <br/> <b>Kilómetros:</b>&nbsp; 2,770<br/> <b>Color en mapa:</b>&nbsp; <span style='background-color: #0000FF; width: 15px;'>&nbsp;&nbsp;&nbsp;&nbsp;&nbsp;&nbsp;&nbsp;&nbsp;&nbsp;</span><br> <b>Descripción:</b>&nbsp; Ctra. Azucarera - Intelhorce<br /> ",,,,,-1,-1,-1,0,
da_carrilesBici.fid--7993a933_1662cf903bb_-1a01,21604,"LINESTRING (368357.055780622 4061061.635446441, 368332.69282534684 4061046.4748872956, 368088.9812440426 4061180.052479001, 367611.5283378988 4061454.842929346, 367574.053284676 4061516.452812363, 367543.0915164898 4061536.905214442, 367516.5124465171 4061494.0400505536, 367327.0502551431 4061609.047146938, 367215.69844188896 4061689.557828143, 367230.64680435543 4061731.4927553385, 367196.0613151005 4061748.6737150876, 367174.20626478165 4061722.381044128, 367079.8131426432 4061743.8191771815, 366616.1884281107 4061869.7599415514, 366554.2028142176 4061906.2344696913, 366530.7205283721 4061947.657581568, 366503.21525551996 4061960.292484177, 366555.36034951813 4062152.55951769, 366580.02291291696 4062244.276490615)",AZUCARERA - INTELHORCE," <br/> <b>Kilómetros:</b> 2,770<br/> <b>Color en mapa:</b>&nbsp; <span style='background-color: #0000FF; width: 15px;'>&nbsp;&nbsp;&nbsp;&nbsp;&nbsp;&nbsp;&nbsp;&nbsp;&nbsp;</span><br> <b>Descripción:</b> Ctra. Azucarera - Intelhorce ",,,,,-1,-1,-1,0,
da_carrilesBici.fid--7993a933_1662cf903bb_-1a00,21605,POINT (376052.18549280195 4064950.9549090723),BAÑOS DEL CARMEN," <div style='float: right; text-align: left'><img style='margin-right: 20px; padding-bottom: 30px' src='http://movilidad.malaga.eu/opencms/export/system/modules/eu.malaga.ayto.movilidad.trafico/resources/images/ico-carril.png'></div> <br/> <b>Kilómetros:</b>&nbsp; 0,700<br/> <b>Color en mapa:</b>&nbsp; <span style='background-color: #0000FF; width: 15px;'>&nbsp;&nbsp;&nbsp;&nbsp;&nbsp;&nbsp;&nbsp;&nbsp;&nbsp;</span><br> <b>Descripción:</b>&nbsp; Pso. Mtmo. Pablo Ruiz Picasso - Bolivia<br /> ",,,,,-1,-1,-1,0,
da_carrilesBici.fid--7993a933_1662cf903bb_-19ff,21606,"LINESTRING (376052.5491467838 4064951.3934833826, 376190.77524300525 4064873.938808963, 376249.4611486787 4064855.3360667643, 376465.80884214654 4064867.7439793344, 376763.0573792135 4064853.470761131)",BAÑOS DEL CARMEN," <br/> <b>Kilómetros:</b> 0,700<br/> <b>Color en mapa:</b>&nbsp; <span style='background-color: #0000FF; width: 15px;'>&nbsp;&nbsp;&nbsp;&nbsp;&nbsp;&nbsp;&nbsp;&nbsp;&nbsp;</span><br> <b>Descripción:</b> Pso. Mtmo. Pablo Ruiz Picasso - Bolivia ",,,,,-1,-1,-1,0,
da_carrilesBici.fid--7993a933_1662cf903bb_-19fe,21607,POINT (366482.9084752788 4064948.913923608),AV. ESCRITOR ANTONIO SOLER," <div style='float: right; text-align: left'><img style='margin-right: 20px; padding-bottom: 30px' src='http://movilidad.malaga.eu/opencms/export/system/modules/eu.malaga.ayto.movilidad.trafico/resources/images/ico-carril.png'></div> <br/> <b>Kilómetros:</b>&nbsp; 0,827<br/> <b>Color en mapa:</b>&nbsp; <span style='background-color: #0000FF; width: 15px;'>&nbsp;&nbsp;&nbsp;&nbsp;&nbsp;&nbsp;&nbsp;&nbsp;&nbsp;</span><br> <b>Descripción:</b>&nbsp; Av. Escritor Antonio Soler<br /> ",,,,,-1,-1,-1,0,
da_carrilesBici.fid--7993a933_1662cf903bb_-19fd,21608,"LINESTRING (366482.819166271 4064948.9153173524, 366475.830270926 4064959.0113204704, 366476.8618707013 4064967.87249403, 366679.87582052796 4065212.1603236827, 366713.02282214246 4065218.301768588, 366723.9642402465 4065232.556861708, 366724.4654583909 4065264.729143399, 366816.33952611533 4065370.9351234064, 366847.7515145235 4065380.433046605, 367090.19403984107 4065346.7020385247)",AV. ESCRITOR ANTONIO SOLER," <br/> <b>Kilómetros:</b> 0,827<br/> <b>Color en mapa:</b>&nbsp; <span style='background-color: #0000FF; width: 15px;'>&nbsp;&nbsp;&nbsp;&nbsp;&nbsp;&nbsp;&nbsp;&nbsp;&nbsp;</span><br> <b>Descripción:</b> Av. Escritor Antonio Soler ",,,,,-1,-1,-1,0,
da_carrilesBici.fid--7993a933_1662cf903bb_-19fc,21609,POINT (366668.46961929137 4062598.875758438),AZUCARERA-INTELHORCE," <div style='float: right; text-align: left'><img style='margin-right: 20px; padding-bottom: 30px' src='http://movilidad.malaga.eu/opencms/export/system/modules/eu.malaga.ayto.movilidad.trafico/resources/images/ico-carril.png'></div> <br/> <b>Kilómetros:</b>&nbsp; 0,883<br/> <b>Color en mapa:</b>&nbsp; <span style='background-color: #0000FF; width: 15px;'>&nbsp;&nbsp;&nbsp;&nbsp;&nbsp;&nbsp;&nbsp;&nbsp;&nbsp;</span><br> <b>Descripción:</b>&nbsp; Carretera Azucarera-Intelhorce<br /> ",,,,,-1,-1,-1,0,
da_carrilesBici.fid--7993a933_1662cf903bb_-19fb,21610,"LINESTRING (366668.651741358 4062599.094853185, 366709.0858167895 4062728.2947964985, 366696.717501108 4062737.3645883924, 366710.44545359723 4062758.234285609, 366707.29151528346 4062842.6170942737, 366659.13228284445 4062963.209701058, 366634.4828953853 4062986.8964038887, 366636.6669693598 4063012.384440659, 366653.03998017736 4063030.993528158, 366624.6317978472 4063444.2278320575)",AZUCARERA-INTELHORCE," <br/> <b>Kilómetros:</b> 0,883<br/> <b>Color en mapa:</b>&nbsp; <span style='background-color: #0000FF; width: 15px;'>&nbsp;&nbsp;&nbsp;&nbsp;&nbsp;&nbsp;&nbsp;&nbsp;&nbsp;</span><br> <b>Descripción:</b> Carretera Azucarera-Intelhorce ",,,,,-1,-1,-1,0,
da_carrilesBici.fid--7993a933_1662cf903bb_-19fa,21611,POINT (370623.1230136124 4064669.369347155),AV. SANTA ROSA DE LIMA," <div style='float: right; text-align: left'><img style='margin-right: 20px; padding-bottom: 30px' src='http://movilidad.malaga.eu/opencms/export/system/modules/eu.malaga.ayto.movilidad.trafico/resources/images/ico-carril.png'></div> <br/> <b>Kilómetros:</b>&nbsp; 0,401<br/> <b>Color en mapa:</b>&nbsp; <span style='background-color: #0000FF; width: 15px;'>&nbsp;&nbsp;&nbsp;&nbsp;&nbsp;&nbsp;&nbsp;&nbsp;&nbsp;</span><br> <b>Descripción:</b>&nbsp; Av. Santa Rosa de Lima<br /> ",,,,,-1,-1,-1,0,
da_carrilesBici.fid--7993a933_1662cf903bb_-19f9,21612,"LINESTRING (370623.3728993569 4064662.2639009254, 370623.8258135092 4064692.217214063, 370595.38068329566 4064701.5244585434, 370584.3538835631 4064799.3392000115, 370598.6357654837 4064916.7446092893, 370626.1456240281 4065022.853640066, 370634.28390818724 4065029.388393127, 370646.88752466463 4065035.8556377003, 370656.01948323287 4065049.0332028135)",AV. SANTA ROSA DE LIMA," <br/> <b>Kilómetros:</b> 0,401<br/> <b>Color en mapa:</b>&nbsp; <span style='background-color: #0000FF; width: 15px;'>&nbsp;&nbsp;&nbsp;&nbsp;&nbsp;&nbsp;&nbsp;&nbsp;&nbsp;</span><br> <b>Descripción:</b> Av. Santa Rosa de Lima ",,,,,-1,-1,-1,0,
da_carrilesBici.fid--7993a933_1662cf903bb_-19f8,21613,POINT (371774.0931064718 4062608.1094852374),ABOGADO FEDERICO ORELLANA TOLEDANO - PRINCESA," <div style='float: right; text-align: left'><img style='margin-right: 20px; padding-bottom: 30px' src='http://movilidad.malaga.eu/opencms/export/system/modules/eu.malaga.ayto.movilidad.trafico/resources/images/ico-carril.png'></div> <br/> <b>Kilómetros:</b>&nbsp; 1,718<br/> <b>Color en mapa:</b>&nbsp; <span style='background-color: #0000FF; width: 15px;'>&nbsp;&nbsp;&nbsp;&nbsp;&nbsp;&nbsp;&nbsp;&nbsp;&nbsp;</span><br> <b>Descripción:</b>&nbsp; Princesa - Av. Abogado Federico Orellana Toledano<br /> ",,,,,-1,-1,-1,0,
da_carrilesBici.fid--7993a933_1662cf903bb_-19f7,21614,"LINESTRING (371774.44378850516 4062607.6603831258, 371755.00678217056 4062622.376630062, 371748.7037056664 4062619.142164713, 371727.29731200484 4062621.682091957, 371711.10123382893 4062614.1573683093, 371702.18467021524 4062615.4006000864, 371692.9688659601 4062596.6750552338, 371488.4101476111 4062719.5826660558, 371463.05382602353 4062756.581012813, 371328.0692856646 4062930.6010402082, 371285.06548713706 4062982.290416914, 371265.6802078094 4063000.3359631463, 371266.80703623523 4063015.8538268143, 371068.01103808335 4063401.668050311, 370956.68704716855 4063603.079295056, 370919.3726701159 4063616.9575297814, 370913.55516914756 4063645.895701389, 370924.6250580421 4063669.0310313576, 370833.53345541906 4063849.0561120217)",ABOGADO FEDERICO ORELLANA TOLEDANO - PRINCESA," <br/> <b>Kilómetros:</b> 1,718<br/> <b>Color en mapa:</b>&nbsp; <span style='background-color: #0000FF; width: 15px;'>&nbsp;&nbsp;&nbsp;&nbsp;&nbsp;&nbsp;&nbsp;&nbsp;&nbsp;</span><br> <b>Descripción:</b> Princesa - Av. Abogado Federico Orellana Toledano ",,,,,-1,-1,-1,0,
da_carrilesBici.fid--7993a933_1662cf903bb_-19f6,21615,POINT (373358.48396628577 4065126.4441788434),MADRE DE DIOS," <div style='float: right; text-align: left'><img style='margin-right: 20px; padding-bottom: 30px' src='http://movilidad.malaga.eu/opencms/export/system/modules/eu.malaga.ayto.movilidad.trafico/resources/images/ico-carril.png'></div> <br/> <b>Kilómetros:</b>&nbsp; 0,284<br/> <b>Color en mapa:</b>&nbsp; <span style='background-color: #0000FF; width: 15px;'>&nbsp;&nbsp;&nbsp;&nbsp;&nbsp;&nbsp;&nbsp;&nbsp;&nbsp;</span><br> <b>Descripción:</b>&nbsp; Madre de Dios<br /> ",,,,,-1,-1,-1,0,
da_carrilesBici.fid--7993a933_1662cf903bb_-19f5,21616,"LINESTRING (373358.39137660584 4065126.223625159, 373268.8613540665 4065232.963540381, 373166.99566399946 4065350.9836207996, 373143.82626556244 4065354.6560488823)",MADRE DE DIOS," <br/> <b>Kilómetros:</b> 0,284<br/> <b>Color en mapa:</b>&nbsp; <span style='background-color: #0000FF; width: 15px;'>&nbsp;&nbsp;&nbsp;&nbsp;&nbsp;&nbsp;&nbsp;&nbsp;&nbsp;</span><br> <b>Descripción:</b> Madre de Dios ",,,,,-1,-1,-1,0,
da_carrilesBici.fid--7993a933_1662cf903bb_-19f4,21617,POINT (369449.6004500706 4060985.3282836205),PALACIOS DE DEPORTES MARTÍN CARPENA," <div style='float: right; text-align: left'><img style='margin-right: 20px; padding-bottom: 30px' src='http://movilidad.malaga.eu/opencms/export/system/modules/eu.malaga.ayto.movilidad.trafico/resources/images/ico-carril.png'></div> <br/> <b>Kilómetros:</b>&nbsp; 0,742<br/> <b>Color en mapa:</b>&nbsp; <span style='background-color: #0000FF; width: 15px;'>&nbsp;&nbsp;&nbsp;&nbsp;&nbsp;&nbsp;&nbsp;&nbsp;&nbsp;</span><br> <b>Descripción:</b>&nbsp; Miguel de Mérida Nicolich - Pilar Lorengar<br /> ",,,,,-1,-1,-1,0,
da_carrilesBici.fid--7993a933_1662cf903bb_-19f3,21618,"LINESTRING (369452.9253831864 4060546.638846262, 369453.93724686536 4060554.3908719774, 369412.53267202416 4060593.8590678633, 369395.60898320086 4060656.2566025313, 369433.34263515857 4060727.8077544295, 369490.0232107958 4060752.4657325144, 369559.59947494994 4060743.638683153, 369578.43094720546 4060747.79052586, 369662.45857770304 4060925.1628618524, 369448.88058210234 4060985.006363334)",PALACIOS DE DEPORTES MARTÍN CARPENA," <br/> <b>Kilómetros:</b> 0,742<br/> <b>Color en mapa:</b>&nbsp; <span style='background-color: #0000FF; width: 15px;'>&nbsp;&nbsp;&nbsp;&nbsp;&nbsp;&nbsp;&nbsp;&nbsp;&nbsp;</span><br> <b>Descripción:</b> Miguel de Mérida Nicolich - Pilar Lorengar ",,,,,-1,-1,-1,0,
da_carrilesBici.fid--7993a933_1662cf903bb_-19f2,21619,POINT (365744.14041050896 4064829.3127508843),AV. MARCELINO CAMACHO," <div style='float: right; text-align: left'><img style='margin-right: 20px; padding-bottom: 30px' src='http://movilidad.malaga.eu/opencms/export/system/modules/eu.malaga.ayto.movilidad.trafico/resources/images/ico-carril.png'></div> <br/> <b>Kilómetros:</b>&nbsp; 0,523<br/> <b>Color en mapa:</b>&nbsp; <span style='background-color: #0000FF; width: 15px;'>&nbsp;&nbsp;&nbsp;&nbsp;&nbsp;&nbsp;&nbsp;&nbsp;&nbsp;</span><br> <b>Descripción:</b>&nbsp; Av. Marcelino Camacho<br /> ",,,,,-1,-1,-1,0,
da_carrilesBici.fid--7993a933_1662cf903bb_-19f1,21620,"LINESTRING (365743.96527117887 4064829.537431714, 365250.0627467976 4064779.5991832535)",AV. MARCELINO CAMACHO," <br/> <b>Kilómetros:</b> 0,523<br/> <b>Color en mapa:</b>&nbsp; <span style='background-color: #0000FF; width: 15px;'>&nbsp;&nbsp;&nbsp;&nbsp;&nbsp;&nbsp;&nbsp;&nbsp;&nbsp;</span><br> <b>Descripción:</b> Av. Marcelino Camacho ",,,,,-1,-1,-1,0,
da_carrilesBici.fid--7993a933_1662cf903bb_-19f0,21621,POINT (373062.30264267325 4065380.609997893),DOCTOR GALVEZ GINACHERO," <div style='float: right; text-align: left'><img style='margin-right: 20px; padding-bottom: 30px' src='http://movilidad.malaga.eu/opencms/export/system/modules/eu.malaga.ayto.movilidad.trafico/resources/images/ico-carril.png'></div> <br/> <b>Kilómetros:</b>&nbsp; 0,739<br/> <b>Color en mapa:</b>&nbsp; <span style='background-color: #0000FF; width: 15px;'>&nbsp;&nbsp;&nbsp;&nbsp;&nbsp;&nbsp;&nbsp;&nbsp;&nbsp;</span><br> <b>Descripción:</b>&nbsp; Av. Doctor Gálvez Ginachero - <br /> ",,,,,-1,-1,-1,0,
da_carrilesBici.fid--7993a933_1662cf903bb_-19ef,21622,"LINESTRING (372434.596810294 4065533.8662967705, 372546.9840623179 4065523.3139622957, 372573.7248634102 4065519.586684827, 372574.4691404199 4065509.588958987, 372685.10380251124 4065501.283818245, 372710.24027959595 4065509.786734402, 372790.19694138854 4065540.776414525, 372885.188503043 4065501.6370093185, 372932.847839021 4065523.1213948596, 372967.5303754498 4065452.6999244457, 372994.6868797469 4065416.788707056, 373062.0297961463 4065380.2811596184)",DOCTOR GALVEZ GINACHERO," <br/> <b>Kilómetros:</b> 0,739<br/> <b>Color en mapa:</b>&nbsp; <span style='background-color: #0000FF; width: 15px;'>&nbsp;&nbsp;&nbsp;&nbsp;&nbsp;&nbsp;&nbsp;&nbsp;&nbsp;</span><br> <b>Descripción:</b> Av. Doctor Gálvez Ginachero - ",,,,,-1,-1,-1,0,
da_carrilesBici.fid--7993a933_1662cf903bb_-19ee,21623,POINT (370886.7073795119 4062866.895372948),SILLITA DE LA REINA," <div style='float: right; text-align: left'><img style='margin-right: 20px; padding-bottom: 30px' src='http://movilidad.malaga.eu/opencms/export/system/modules/eu.malaga.ayto.movilidad.trafico/resources/images/ico-carril.png'></div> <br/> <b>Kilómetros:</b>&nbsp; 0,425<br/> <b>Color en mapa:</b>&nbsp; <span style='background-color: #0000FF; width: 15px;'>&nbsp;&nbsp;&nbsp;&nbsp;&nbsp;&nbsp;&nbsp;&nbsp;&nbsp;</span><br> <b>Descripción:</b>&nbsp; Sillita de la Reina - Gallo<br /> ",,,,,-1,-1,-1,0,
da_carrilesBici.fid--7993a933_1662cf903bb_-19ed,21624,"LINESTRING (370886.6247422554 4062867.34047159, 370763.0426294801 4063085.5833141785, 370762.4340714308 4063104.4562462694, 370749.18576500914 4063114.642951142, 370702.60808503366 4063225.1999390502)",SILLITA DE LA REINA," <br/> <b>Kilómetros:</b> 0,425<br/> <b>Color en mapa:</b>&nbsp; <span style='background-color: #0000FF; width: 15px;'>&nbsp;&nbsp;&nbsp;&nbsp;&nbsp;&nbsp;&nbsp;&nbsp;&nbsp;</span><br> <b>Descripción:</b> Sillita de la Reina - Gallo ",,,,,-1,-1,-1,0,
da_carrilesBici.fid--7993a933_1662cf903bb_-19ec,21625,POINT (372450.5488344183 4063595.7784679225),AV. INGENIERO JOSÉ MARÍA GARNICA," <div style='float: right; text-align: left'><img style='margin-right: 20px; padding-bottom: 30px' src='http://movilidad.malaga.eu/opencms/export/system/modules/eu.malaga.ayto.movilidad.trafico/resources/images/ico-carril.png'></div> <br/> <b>Kilómetros:</b>&nbsp; 0,606<br/> <b>Color en mapa:</b>&nbsp; <span style='background-color: #0000FF; width: 15px;'>&nbsp;&nbsp;&nbsp;&nbsp;&nbsp;&nbsp;&nbsp;&nbsp;&nbsp;</span><br> <b>Descripción:</b>&nbsp; Av. Ingeniero José María Garnica - Explanada de la Estación - Av. de las Américas<br /> ",,,,,-1,-1,-1,0,
da_carrilesBici.fid--7993a933_1662cf903bb_-19eb,21626,"LINESTRING (372450.3768043341 4063596.224881015, 372276.94651305064 4063768.583691893, 372196.825233185 4063847.453506883, 372138.0441618597 4063979.2673450145, 372182.86859874905 4063989.694030962, 372123.5086456046 4064082.679769181)",AV. INGENIERO JOSÉ MARÍA GARNICA," <br/> <b>Kilómetros:</b> 0,606<br/> <b>Color en mapa:</b>&nbsp; <span style='background-color: #0000FF; width: 15px;'>&nbsp;&nbsp;&nbsp;&nbsp;&nbsp;&nbsp;&nbsp;&nbsp;&nbsp;</span><br> <b>Descripción:</b> Av. Ingeniero José María Garnica - Explanada de la Estación - Av. de las Américas ",,,,,-1,-1,-1,0,
da_carrilesBici.fid--7993a933_1662cf903bb_-19ea,21627,POINT (369307.8398742107 4065577.961101401),ORSON WELLES," <div style='float: right; text-align: left'><img style='margin-right: 20px; padding-bottom: 30px' src='http://movilidad.malaga.eu/opencms/export/system/modules/eu.malaga.ayto.movilidad.trafico/resources/images/ico-carril.png'></div> <br/> <b>Kilómetros:</b>&nbsp; 1,008<br/> <b>Color en mapa:</b>&nbsp; <span style='background-color: #0000FF; width: 15px;'>&nbsp;&nbsp;&nbsp;&nbsp;&nbsp;&nbsp;&nbsp;&nbsp;&nbsp;</span><br> <b>Descripción:</b>&nbsp; Orson Welles - Mallarme<br /> ",,,,,-1,-1,-1,0,
da_carrilesBici.fid--7993a933_1662cf903bb_-19e9,21628,"LINESTRING (369308.10438903206 4065577.735131018, 369362.70145957574 4065234.0211787447, 369367.1836598479 4065235.062376728, 369432.2957641332 4064819.0619465783, 369427.8302888125 4064819.1300934535, 369455.1995967426 4064622.305798047)",ORSON WELLES," <br/> <b>Kilómetros:</b> 1,008<br/> <b>Color en mapa:</b>&nbsp; <span style='background-color: #0000FF; width: 15px;'>&nbsp;&nbsp;&nbsp;&nbsp;&nbsp;&nbsp;&nbsp;&nbsp;&nbsp;</span><br> <b>Descripción:</b> Orson Welles - Mallarme ",,,,,-1,-1,-1,0,
da_carrilesBici.fid--7993a933_1662cf903bb_-19e8,21629,POINT (371687.3944566439 4064340.649454584),AV. LA AURORA - AV. JOSÉ ORTEGA Y GASSET," <div style='float: right; text-align: left'><img style='margin-right: 20px; padding-bottom: 30px' src='http://movilidad.malaga.eu/opencms/export/system/modules/eu.malaga.ayto.movilidad.trafico/resources/images/ico-carril.png'></div> <br/> <b>Kilómetros:</b>&nbsp; 1,331<br/> <b>Color en mapa:</b>&nbsp; <span style='background-color: #0000FF; width: 15px;'>&nbsp;&nbsp;&nbsp;&nbsp;&nbsp;&nbsp;&nbsp;&nbsp;&nbsp;</span><br> <b>Descripción:</b>&nbsp; Av. La Aurora - Conde del Guadlhorce - Av. José Ortega y Gasset<br /> ",,,,,-1,-1,-1,0,
da_carrilesBici.fid--7993a933_1662cf903bb_-19e7,21630,"LINESTRING (371687.84767984576 4064341.0865103286, 371655.4783859031 4064327.146756448, 371561.48220790125 4064314.1318751406, 371504.0379438651 4064296.130553559, 371416.6862061495 4064249.7285518274, 371385.29260845395 4064241.3232808923, 371388.5984402867 4064223.5195060237, 371189.00812627433 4064198.7806947515, 371169.9512561317 4064179.0941928867, 371175.90275120485 4064159.031228363, 371157.9059517087 4064150.4251093953, 371282.2072911591 4063921.0802454473, 371268.9430327107 4063930.1567961164, 370927.31864197145 4063847.6412159777, 370931.48346224707 4063827.605022982, 370891.96535718744 4063813.775842645, 370893.5676661029 4063801.545713302, 370866.55415568367 4063787.528023819)",AV. LA AURORA - AV. JOSÉ ORTEGA Y GASSET," <br/> <b>Kilómetros:</b> 1,331<br/> <b>Color en mapa:</b>&nbsp; <span style='background-color: #0000FF; width: 15px;'>&nbsp;&nbsp;&nbsp;&nbsp;&nbsp;&nbsp;&nbsp;&nbsp;&nbsp;</span><br> <b>Descripción:</b> Av. La Aurora - Conde del Guadlhorce - Av. José Ortega y Gasset ",,,,,-1,-1,-1,0,
da_carrilesBici.fid--7993a933_1662cf903bb_-19e6,21631,POINT (369462.79805079254 4060543.492410372),MIGUEL MÉRIDA NICOLICH - PACÍFICO," <div style='float: right; text-align: left'><img style='margin-right: 20px; padding-bottom: 30px' src='http://movilidad.malaga.eu/opencms/export/system/modules/eu.malaga.ayto.movilidad.trafico/resources/images/ico-carril.png'></div> <br/> <b>Kilómetros:</b>&nbsp; 1,351<br/> <b>Color en mapa:</b>&nbsp; <span style='background-color: #0000FF; width: 15px;'>&nbsp;&nbsp;&nbsp;&nbsp;&nbsp;&nbsp;&nbsp;&nbsp;&nbsp;</span><br> <b>Descripción:</b>&nbsp; Miguel Mérida Nicolich - Av. Manuel Alvar - Pacífico<br /> ",,,,,-1,-1,-1,0,
da_carrilesBici.fid--7993a933_1662cf903bb_-19e5,21632,"LINESTRING (369462.70362605475 4060543.1609585877, 369469.161229742 4060556.3781911824, 369510.88726430945 4060537.988447526, 369556.1031957597 4060513.99761133, 369542.2608572125 4060485.357878224, 369544.9246070116 4060484.2076860527, 369503.4139825788 4060399.397977708, 369522.76813368837 4060379.1298189047, 369744.90991168044 4060352.44767543, 369819.7667119737 4060337.994458377, 370061.2152716941 4060287.7250413536, 370214.3541177313 4060248.7863378255, 370315.3610688753 4060249.476292458, 370465.4256774923 4060302.6878592665, 370537.93321353046 4060369.2793698343)",MIGUEL MÉRIDA NICOLICH - PACÍFICO," <br/> <b>Kilómetros:</b> 1,351<br/> <b>Color en mapa:</b>&nbsp; <span style='background-color: #0000FF; width: 15px;'>&nbsp;&nbsp;&nbsp;&nbsp;&nbsp;&nbsp;&nbsp;&nbsp;&nbsp;</span><br> <b>Descripción:</b> Miguel Mérida Nicolich - Av. Manuel Alvar - Pacífico ",,,,,-1,-1,-1,0,
da_carrilesBici.fid--7993a933_1662cf903bb_-19e4,21633,POINT (368677.5423832529 4065342.8263033205),AV. EDITOR ÁNGEL CAFFARENA," <div style='float: right; text-align: left'><img style='margin-right: 20px; padding-bottom: 30px' src='http://movilidad.malaga.eu/opencms/export/system/modules/eu.malaga.ayto.movilidad.trafico/resources/images/ico-carril.png'></div> <br/> <b>Kilómetros:</b>&nbsp; 1,621<br/> <b>Color en mapa:</b>&nbsp; <span style='background-color: #0000FF; width: 15px;'>&nbsp;&nbsp;&nbsp;&nbsp;&nbsp;&nbsp;&nbsp;&nbsp;&nbsp;</span><br> <b>Descripción:</b>&nbsp; Av. Editor Ángel Caffarena - Av. Mª Victoria Atencia<br /> ",,,,,-1,-1,-1,0,
da_carrilesBici.fid--7993a933_1662cf903bb_-19e3,21634,"LINESTRING (368677.45989125303 4065343.2714286963, 368601.4283168772 4065510.8861722946, 368569.27940800524 4065511.3800765676, 368548.34120631905 4065543.881623903, 367849.31034983625 4065567.9683907623, 367828.49658538995 4065550.53553263, 367802.907523691 4065570.9047147823, 367595.3315967929 4065548.593231244, 367421.8774637922 4065480.26196272, 367411.6070316168 4065451.570123753, 367380.50560552324 4065462.0391437667, 367174.53662021377 4065370.9141170597, 367152.4488853477 4065329.0901759616, 367110.73411510943 4065346.3829336376, 367089.30099307635 4065346.7159137703)",AV. EDITOR ÁNGEL CAFFARENA," <br/> <b>Kilómetros:</b> 1,621<br/> <b>Color en mapa:</b>&nbsp; <span style='background-color: #0000FF; width: 15px;'>&nbsp;&nbsp;&nbsp;&nbsp;&nbsp;&nbsp;&nbsp;&nbsp;&nbsp;</span><br> <b>Descripción:</b> Av. Editor Ángel Caffarena - Av. Mª Victoria Atencia ",,,,,-1,-1,-1,0,
da_carrilesBici.fid--7993a933_1662cf903bb_-19e2,21635,POINT (371678.7538202472 4066069.250907529),MIRAFLORES DE LOS ÁNGELES," <div style='float: right; text-align: left'><img style='margin-right: 20px; padding-bottom: 30px' src='http://movilidad.malaga.eu/opencms/export/system/modules/eu.malaga.ayto.movilidad.trafico/resources/images/ico-carril.png'></div> <br/> <b>Kilómetros:</b>&nbsp; 0,940<br/> <b>Color en mapa:</b>&nbsp; <span style='background-color: #0000FF; width: 15px;'>&nbsp;&nbsp;&nbsp;&nbsp;&nbsp;&nbsp;&nbsp;&nbsp;&nbsp;</span><br> <b>Descripción:</b>&nbsp; Cl. Nuestra Señora de los Clarines<br /> ",,,,,-1,-1,-1,0,
da_carrilesBici.fid--7993a933_1662cf903bb_-19e1,21636,"LINESTRING (371683.3755642208 4066067.7390411044, 371669.08823173464 4066067.9534155964, 371661.1847889491 4066076.9490725286, 371654.10772466956 4066081.4938060143, 371551.0276738057 4065997.599629144, 371517.4379599422 4065961.486282292, 371522.71245366154 4065955.8588827047, 371517.28796826076 4065951.5018385896, 371479.11636981694 4065907.690031216, 371397.04713688605 4065795.7410469106, 371382.709290066 4065792.627739739, 371367.07802241296 4065762.9027043115, 371366.8778126418 4065749.5901137725, 371371.1592558149 4065737.319758199, 371346.3309051918 4065689.9789361856, 371354.31783694436 4065686.5299065243, 371351.5220397314 4065678.804522614, 371348.8263541857 4065677.735434223, 371314.60035003384 4065599.4663102184, 371324.30661875685 4065591.5528561207, 371318.7983595841 4065581.6490195133, 371487.4702125741 4065512.5352547057, 371498.8127805346 4065494.610736495, 371511.95810228505 4065477.768788984, 371526.24642789824 4065477.5541786607, 371520.63836639177 4065460.9939270075)",MIRAFLORES DE LOS ÁNGELES," <br/> <b>Kilómetros:</b> 0,940<br/> <b>Color en mapa:</b>&nbsp; <span style='background-color: #0000FF; width: 15px;'>&nbsp;&nbsp;&nbsp;&nbsp;&nbsp;&nbsp;&nbsp;&nbsp;&nbsp;</span><br> <b>Descripción:</b> Cl. Nuestra Señora de los Clarines ",,,,,-1,-1,-1,0,
da_carrilesBici.fid--7993a933_1662cf903bb_-19e0,21637,POINT (368138.83348947787 4064358.3096609022),CIUDAD UNIVERSITARIA," <div style='float: right; text-align: left'><img style='margin-right: 20px; padding-bottom: 30px' src='http://movilidad.malaga.eu/opencms/export/system/modules/eu.malaga.ayto.movilidad.trafico/resources/images/ico-carril.png'></div> <br/> <b>Kilómetros:</b>&nbsp; 6,554<br/> <b>Color en mapa:</b>&nbsp; <span style='background-color: #0000FF; width: 15px;'>&nbsp;&nbsp;&nbsp;&nbsp;&nbsp;&nbsp;&nbsp;&nbsp;&nbsp;</span><br> <b>Descripción:</b>&nbsp; Ciudad Universitaria<br /> ",,,,,-1,-1,-1,0,
da_carrilesBici.fid--7993a933_1662cf903bb_-19df,21638,"LINESTRING (368951.9505946603 4064602.25751102, 368890.10439026327 4064588.779561752, 368874.64932633896 4064571.2620688747, 368381.2588012358 4064495.613674993, 368874.64932633896 4064571.2620688747, 368890.190790531 4064477.81374722, 368505.10389562126 4064416.034333739, 368543.0014566611 4064207.948165674, 368750.521142913 4064224.7365008756, 368717.3566914805 4064450.5032570697, 368505.10389562126 4064416.034333739, 368301.7976866171 4064382.542549992, 368287.2512475272 4064366.121719157, 368271.10631433746 4064361.9316463107, 368241.83747120376 4064375.698038007, 368138.835198972 4064358.4205994373, 366938.1844342765 4064590.0600468633, 366922.7993860357 4064404.9867863953, 366546.6811880182 4064404.18638021, 366468.6782859911 4064901.420666131, 366484.84360904386 4064792.421810201, 366431.9251866663 4064778.822188469, 366419.45412959723 4064895.5311065516, 366431.9251866663 4064778.822188469, 366419.95106130757 4064755.706282121, 366419.95106130757 4064755.706282121, 366480.7614267015 4064416.31127559, 366177.1438750371 4064424.383105269, 366126.261311849 4064483.9909973755, 366116.58855734 4064779.3120608334, 366122.41256971 4064580.5916685783, 366104.9396747285 4064548.6849123514, 365987.5917488907 4064528.3287503202, 366240.11490019195 4064566.5446388726, 366289.15040803695 4064560.2299455646, 366376.28654728056 4064591.048868498, 366422.4595419131 4064630.2756521218, 366439.8444925962 4064656.636079887)",CIUDAD UNIVERSITARIA," <br/> <b>Kilómetros:</b> 6,554<br/> <b>Color en mapa:</b>&nbsp; <span style='background-color: #0000FF; width: 15px;'>&nbsp;&nbsp;&nbsp;&nbsp;&nbsp;&nbsp;&nbsp;&nbsp;&nbsp;</span><br> <b>Descripción:</b> Ciudad Universitaria ",,,,,-1,-1,-1,0,
